CaseID,Activity,StartTimestamp,EndTimestamp
0,place order,2023-07-03 14:04,2023-07-03 14:06
1,place order,2023-07-03 14:06,2023-07-03 14:06
2,place order,2023-07-03 14:08,2023-07-03 14:06
0,arrange standard order,2023-07-03 14:10,2023-07-03 14:17
1,arrange standard order,2023-07-03 14:10,2023-07-03 14:19
2,arrange standard order,2023-07-03 14:10,2023-07-03 14:16
3,place order,2023-07-03 14:17,2023-07-03 14:06
3,arrange standard order,2023-07-03 14:19,2023-07-03 14:17
2,pick from stock C,2023-07-03 14:22,2023-07-03 15:22
0,pick from stock C,2023-07-03 14:23,2023-07-03 15:23
4,place order,2023-07-03 14:31,2023-07-03 14:06
3,pick from stock B,2023-07-03 14:33,2023-07-03 15:03
4,arrange custom order,2023-07-03 14:33,2023-07-03 14:25
5,place order,2023-07-03 14:46,2023-07-03 14:06
5,arrange standard order,2023-07-03 14:48,2023-07-03 14:18
4,manufacture B,2023-07-03 14:54,2023-07-03 21:23
6,place order,2023-07-03 14:59,2023-07-03 14:06
6,arrange custom order,2023-07-03 15:01,2023-07-03 14:24
7,place order,2023-07-03 15:10,2023-07-03 14:06
7,arrange standard order,2023-07-03 15:12,2023-07-03 14:14
6,manufacture B,2023-07-03 15:21,2023-07-03 20:21
7,pick from stock B,2023-07-03 15:22,2023-07-03 14:36
8,place order,2023-07-03 15:23,2023-07-03 14:06
8,arrange custom order,2023-07-03 15:25,2023-07-03 14:27
3,pack B,2023-07-03 15:32,2023-07-03 15:03
9,place order,2023-07-03 15:36,2023-07-03 14:06
9,arrange custom order,2023-07-03 15:38,2023-07-03 14:29
2,pack A,2023-07-03 15:40,2023-07-03 14:14
1,pick from stock C,2023-07-03 15:40,2023-07-03 15:10
0,pack B,2023-07-03 15:42,2023-07-03 15:23
5,pick from stock C,2023-07-03 15:42,2023-07-03 15:04
10,place order,2023-07-03 15:47,2023-07-03 14:06
8,manufacture A,2023-07-03 15:49,2023-07-03 18:33
3,attempt delivery C,2023-07-03 15:49,2023-07-05 10:11
10,arrange custom order,2023-07-03 15:49,2023-07-03 14:30
2,attempt delivery A,2023-07-03 15:50,2023-07-04 10:40
7,pack B,2023-07-03 15:54,2023-07-03 14:36
11,place order,2023-07-03 15:57,2023-07-03 14:06
11,arrange custom order,2023-07-03 15:59,2023-07-03 14:26
9,manufacture B,2023-07-03 16:03,2023-07-03 21:35
0,attempt delivery C,2023-07-03 16:08,2023-07-04 17:07
12,place order,2023-07-03 16:11,2023-07-03 14:06
12,arrange custom order,2023-07-03 16:13,2023-07-03 14:26
10,manufacture A,2023-07-03 16:15,2023-07-03 19:19
7,attempt delivery A,2023-07-03 16:20,2023-07-04 09:02
11,manufacture A,2023-07-03 16:21,2023-07-03 19:20
13,place order,2023-07-03 16:23,2023-07-03 14:06
13,arrange standard order,2023-07-03 16:25,2023-07-03 14:17
12,manufacture B,2023-07-03 16:35,2023-07-03 20:33
14,place order,2023-07-03 16:38,2023-07-03 14:06
13,pick from stock B,2023-07-03 16:40,2023-07-03 14:29
14,arrange standard order,2023-07-03 16:40,2023-07-03 14:19
5,pack B,2023-07-03 16:42,2023-07-03 15:04
1,pack C,2023-07-03 16:46,2023-07-03 14:48
15,place order,2023-07-03 16:49,2023-07-03 14:06
15,arrange custom order,2023-07-03 16:51,2023-07-03 14:28
14,pick from stock B,2023-07-03 16:55,2023-07-03 14:40
16,place order,2023-07-03 17:03,2023-07-03 14:06
13,pack B,2023-07-03 17:05,2023-07-03 14:29
16,arrange custom order,2023-07-03 17:05,2023-07-03 14:29
5,attempt delivery C,2023-07-03 17:12,2023-07-04 20:28
17,place order,2023-07-03 17:15,2023-07-03 14:06
15,manufacture A,2023-07-03 17:17,2023-07-03 19:49
17,arrange standard order,2023-07-03 17:17,2023-07-03 14:16
13,attempt delivery B,2023-07-03 17:22,2023-07-04 16:51
18,place order,2023-07-03 17:27,2023-07-03 14:06
17,pick from stock B,2023-07-03 17:29,2023-07-03 14:41
18,arrange standard order,2023-07-03 17:29,2023-07-03 14:17
1,attempt delivery A,2023-07-03 17:30,2023-07-04 02:52
16,manufacture B,2023-07-03 17:30,2023-07-03 21:05
14,pack C,2023-07-03 17:31,2023-07-03 14:42
19,place order,2023-07-03 17:38,2023-07-03 14:06
19,arrange standard order,2023-07-03 17:40,2023-07-03 14:19
18,pick from stock B,2023-07-03 17:42,2023-07-03 14:55
20,place order,2023-07-03 17:52,2023-07-03 14:06
20,arrange custom order,2023-07-03 17:54,2023-07-03 14:30
19,pick from stock A,2023-07-03 17:55,2023-07-03 14:17
17,pack B,2023-07-03 18:06,2023-07-03 14:41
19,pack C,2023-07-03 18:08,2023-07-03 14:52
14,attempt delivery C,2023-07-03 18:09,2023-07-05 13:47
17,attempt delivery C,2023-07-03 18:29,2023-07-04 20:07
18,pack A,2023-07-03 18:33,2023-07-03 14:22
18,attempt delivery A,2023-07-03 18:51,2023-07-04 07:07
19,attempt delivery A,2023-07-03 18:56,2023-07-04 03:30
21,place order,2023-07-03 19:32,2023-07-03 14:06
21,arrange standard order,2023-07-03 19:34,2023-07-03 14:16
22,place order,2023-07-03 19:44,2023-07-03 14:06
21,pick from stock B,2023-07-03 19:46,2023-07-03 14:52
22,arrange custom order,2023-07-03 19:46,2023-07-03 14:24
23,place order,2023-07-03 19:54,2023-07-03 14:06
23,arrange standard order,2023-07-03 19:56,2023-07-03 14:14
22,manufacture B,2023-07-03 20:06,2023-07-03 20:39
23,pick from stock A,2023-07-03 20:06,2023-07-03 14:26
24,place order,2023-07-03 20:09,2023-07-03 14:06
24,arrange standard order,2023-07-03 20:11,2023-07-03 14:19
8,pack A,2023-07-03 20:18,2023-07-03 14:20
20,manufacture A,2023-07-03 20:18,2023-07-03 19:15
25,place order,2023-07-03 20:24,2023-07-03 14:06
24,pick from stock B,2023-07-03 20:26,2023-07-03 14:49
25,arrange standard order,2023-07-03 20:26,2023-07-03 14:19
23,pack B,2023-07-03 20:28,2023-07-03 14:26
26,place order,2023-07-03 20:34,2023-07-03 14:06
21,pack C,2023-07-03 20:36,2023-07-03 14:35
8,attempt delivery B,2023-07-03 20:36,2023-07-04 15:04
26,arrange standard order,2023-07-03 20:36,2023-07-03 14:15
25,pick from stock A,2023-07-03 20:41,2023-07-03 14:38
27,place order,2023-07-03 20:46,2023-07-03 14:06
26,pick from stock A,2023-07-03 20:48,2023-07-03 14:38
27,arrange custom order,2023-07-03 20:48,2023-07-03 14:29
23,attempt delivery A,2023-07-03 20:50,2023-07-04 11:38
28,place order,2023-07-03 20:56,2023-07-03 14:06
28,arrange custom order,2023-07-03 20:58,2023-07-03 14:27
21,attempt delivery B,2023-07-03 21:07,2023-07-04 21:01
29,place order,2023-07-03 21:08,2023-07-03 14:06
29,arrange custom order,2023-07-03 21:10,2023-07-03 14:33
24,pack C,2023-07-03 21:11,2023-07-03 14:48
25,pack A,2023-07-03 21:15,2023-07-03 14:23
30,place order,2023-07-03 21:18,2023-07-03 14:06
30,arrange custom order,2023-07-03 21:20,2023-07-03 14:31
26,pack B,2023-07-03 21:22,2023-07-03 14:38
10,pack B,2023-07-03 21:30,2023-07-03 19:19
27,manufacture A,2023-07-03 21:30,2023-07-03 19:57
31,place order,2023-07-03 21:33,2023-07-03 14:06
25,attempt delivery A,2023-07-03 21:35,2023-07-04 13:18
31,arrange standard order,2023-07-03 21:35,2023-07-03 14:19
11,pack B,2023-07-03 21:37,2023-07-03 19:20
28,manufacture A,2023-07-03 21:37,2023-07-03 19:15
6,pack C,2023-07-03 21:38,2023-07-03 14:39
29,manufacture B,2023-07-03 21:39,2023-07-03 21:41
26,attempt delivery C,2023-07-03 21:42,2023-07-05 04:14
32,place order,2023-07-03 21:46,2023-07-03 14:06
32,arrange custom order,2023-07-03 21:48,2023-07-03 14:26
31,pick from stock C,2023-07-03 21:50,2023-07-03 15:02
24,attempt delivery B,2023-07-03 21:55,2023-07-04 14:58
10,attempt delivery C,2023-07-03 21:56,2023-07-05 05:15
11,attempt delivery B,2023-07-03 21:57,2023-07-04 16:25
33,place order,2023-07-03 22:01,2023-07-03 14:06
33,arrange standard order,2023-07-03 22:03,2023-07-03 14:15
4,pack C,2023-07-03 22:13,2023-07-03 14:48
6,attempt delivery A,2023-07-03 22:13,2023-07-04 13:42
34,place order,2023-07-03 22:14,2023-07-03 14:06
33,pick from stock A,2023-07-03 22:16,2023-07-03 14:27
34,arrange standard order,2023-07-03 22:16,2023-07-03 14:16
35,place order,2023-07-03 22:25,2023-07-03 14:06
35,arrange standard order,2023-07-03 22:27,2023-07-03 14:18
34,pick from stock B,2023-07-03 22:28,2023-07-03 15:01
33,pack B,2023-07-03 22:39,2023-07-03 14:27
36,place order,2023-07-03 22:40,2023-07-03 14:06
35,pick from stock C,2023-07-03 22:42,2023-07-03 14:47
36,arrange custom order,2023-07-03 22:42,2023-07-03 14:29
31,pack C,2023-07-03 22:48,2023-07-03 14:41
37,place order,2023-07-03 22:53,2023-07-03 14:06
37,arrange standard order,2023-07-03 22:55,2023-07-03 14:16
4,attempt delivery C,2023-07-03 22:57,2023-07-05 05:20
33,attempt delivery B,2023-07-03 22:59,2023-07-04 21:02
15,pack B,2023-07-03 23:02,2023-07-03 19:49
30,manufacture A,2023-07-03 23:02,2023-07-03 18:22
12,pack B,2023-07-03 23:04,2023-07-03 20:33
36,manufacture B,2023-07-03 23:07,2023-07-03 20:12
37,pick from stock A,2023-07-03 23:07,2023-07-03 14:18
38,place order,2023-07-03 23:08,2023-07-03 14:06
38,arrange custom order,2023-07-03 23:10,2023-07-03 14:24
39,place order,2023-07-03 23:20,2023-07-03 14:06
37,pack A,2023-07-03 23:22,2023-07-03 14:19
39,arrange standard order,2023-07-03 23:22,2023-07-03 14:15
15,attempt delivery C,2023-07-03 23:24,2023-07-04 17:26
34,pack A,2023-07-03 23:25,2023-07-03 14:18
35,pack C,2023-07-03 23:25,2023-07-03 14:36
31,attempt delivery A,2023-07-03 23:25,2023-07-04 03:01
40,place order,2023-07-03 23:30,2023-07-03 14:06
12,attempt delivery A,2023-07-03 23:32,2023-07-04 13:35
40,arrange standard order,2023-07-03 23:32,2023-07-03 14:18
39,pick from stock A,2023-07-03 23:33,2023-07-03 14:26
9,pack B,2023-07-03 23:34,2023-07-03 21:35
37,attempt delivery C,2023-07-03 23:37,2023-07-04 17:07
34,attempt delivery B,2023-07-03 23:39,2023-07-04 20:12
40,pick from stock A,2023-07-03 23:46,2023-07-03 14:16
39,pack B,2023-07-03 23:55,2023-07-03 14:26
35,attempt delivery A,2023-07-03 23:57,2023-07-04 11:58
40,pack C,2023-07-03 23:58,2023-07-03 14:39
9,attempt delivery B,2023-07-04 00:03,2023-07-04 14:06
39,attempt delivery C,2023-07-04 00:16,2023-07-05 13:09
16,pack A,2023-07-04 00:31,2023-07-03 14:22
40,attempt delivery C,2023-07-04 00:33,2023-07-04 16:06
16,attempt delivery A,2023-07-04 00:49,2023-07-04 11:46
41,place order,2023-07-04 01:10,2023-07-03 14:06
41,arrange standard order,2023-07-04 01:12,2023-07-03 14:15
41,pick from stock A,2023-07-04 01:23,2023-07-03 14:23
42,place order,2023-07-04 01:25,2023-07-03 14:06
42,arrange standard order,2023-07-04 01:27,2023-07-03 14:14
20,pack C,2023-07-04 01:29,2023-07-03 14:29
32,manufacture A,2023-07-04 01:29,2023-07-03 19:46
42,pick from stock C,2023-07-04 01:37,2023-07-03 15:24
43,place order,2023-07-04 01:39,2023-07-03 14:06
43,arrange custom order,2023-07-04 01:41,2023-07-03 14:32
41,pack C,2023-07-04 01:42,2023-07-03 14:42
44,place order,2023-07-04 01:50,2023-07-03 14:06
44,arrange custom order,2023-07-04 01:52,2023-07-03 14:27
20,attempt delivery A,2023-07-04 01:54,2023-07-04 05:32
45,place order,2023-07-04 02:02,2023-07-03 14:06
45,arrange standard order,2023-07-04 02:04,2023-07-03 14:17
46,place order,2023-07-04 02:13,2023-07-03 14:06
44,manufacture B,2023-07-04 02:15,2023-07-03 20:30
46,arrange custom order,2023-07-04 02:15,2023-07-03 14:33
45,pick from stock B,2023-07-04 02:17,2023-07-03 14:35
41,attempt delivery B,2023-07-04 02:20,2023-07-05 01:04
47,place order,2023-07-04 02:23,2023-07-03 14:06
47,arrange custom order,2023-07-04 02:25,2023-07-03 14:25
48,place order,2023-07-04 02:35,2023-07-03 14:06
48,arrange standard order,2023-07-04 02:37,2023-07-03 14:19
22,pack B,2023-07-04 02:41,2023-07-03 20:39
46,manufacture B,2023-07-04 02:44,2023-07-03 20:47
49,place order,2023-07-04 02:45,2023-07-03 14:06
49,arrange standard order,2023-07-04 02:47,2023-07-03 14:14
28,pack B,2023-07-04 02:48,2023-07-03 19:15
38,manufacture A,2023-07-04 02:48,2023-07-03 18:18
45,pack A,2023-07-04 02:48,2023-07-03 14:20
48,pick from stock B,2023-07-04 02:52,2023-07-03 15:00
50,place order,2023-07-04 02:57,2023-07-03 14:06
42,pack C,2023-07-04 02:59,2023-07-03 14:49
49,pick from stock A,2023-07-04 02:59,2023-07-03 14:26
22,attempt delivery A,2023-07-04 02:59,2023-07-04 03:26
50,arrange custom order,2023-07-04 02:59,2023-07-03 14:34
45,attempt delivery C,2023-07-04 03:04,2023-07-05 06:13
28,attempt delivery B,2023-07-04 03:08,2023-07-04 23:54
51,place order,2023-07-04 03:09,2023-07-03 14:06
51,arrange custom order,2023-07-04 03:11,2023-07-03 14:33
52,place order,2023-07-04 03:19,2023-07-03 14:06
30,pack C,2023-07-04 03:21,2023-07-03 14:45
43,manufacture A,2023-07-04 03:21,2023-07-03 18:59
49,pack A,2023-07-04 03:21,2023-07-03 14:14
52,arrange custom order,2023-07-04 03:21,2023-07-03 14:29
27,pack C,2023-07-04 03:23,2023-07-03 14:44
47,manufacture A,2023-07-04 03:23,2023-07-03 19:20
49,attempt delivery C,2023-07-04 03:31,2023-07-04 23:31
53,place order,2023-07-04 03:32,2023-07-03 14:06
53,arrange standard order,2023-07-04 03:34,2023-07-03 14:15
51,manufacture B,2023-07-04 03:40,2023-07-03 21:33
54,place order,2023-07-04 03:43,2023-07-03 14:06
42,attempt delivery B,2023-07-04 03:45,2023-07-04 22:28
53,pick from stock C,2023-07-04 03:45,2023-07-03 14:35
54,arrange custom order,2023-07-04 03:45,2023-07-03 14:28
48,pack A,2023-07-04 03:48,2023-07-03 14:23
55,place order,2023-07-04 03:55,2023-07-03 14:06
55,arrange standard order,2023-07-04 03:57,2023-07-03 14:16
30,attempt delivery A,2023-07-04 04:02,2023-07-04 04:42
27,attempt delivery B,2023-07-04 04:03,2023-07-04 19:53
48,attempt delivery B,2023-07-04 04:07,2023-07-04 23:57
54,manufacture B,2023-07-04 04:09,2023-07-03 20:21
55,pick from stock A,2023-07-04 04:09,2023-07-03 14:24
56,place order,2023-07-04 04:10,2023-07-03 14:06
56,arrange standard order,2023-07-04 04:12,2023-07-03 14:17
53,pack C,2023-07-04 04:16,2023-07-03 14:54
57,place order,2023-07-04 04:25,2023-07-03 14:06
56,pick from stock A,2023-07-04 04:27,2023-07-03 14:29
57,arrange standard order,2023-07-04 04:27,2023-07-03 14:15
55,pack A,2023-07-04 04:29,2023-07-03 14:16
58,place order,2023-07-04 04:38,2023-07-03 14:06
57,pick from stock B,2023-07-04 04:40,2023-07-03 14:30
58,arrange custom order,2023-07-04 04:40,2023-07-03 14:31
55,attempt delivery A,2023-07-04 04:41,2023-07-04 03:29
59,place order,2023-07-04 04:52,2023-07-03 14:06
56,pack A,2023-07-04 04:54,2023-07-03 14:14
59,arrange custom order,2023-07-04 04:54,2023-07-03 14:31
60,place order,2023-07-04 05:02,2023-07-03 14:06
56,attempt delivery C,2023-07-04 05:04,2023-07-05 10:32
60,arrange custom order,2023-07-04 05:04,2023-07-03 14:24
53,attempt delivery C,2023-07-04 05:06,2023-07-05 05:45
57,pack A,2023-07-04 05:06,2023-07-03 14:19
36,pack B,2023-07-04 05:15,2023-07-03 20:12
29,pack C,2023-07-04 05:16,2023-07-03 14:30
59,manufacture B,2023-07-04 05:21,2023-07-03 21:43
57,attempt delivery B,2023-07-04 05:21,2023-07-04 21:37
36,attempt delivery C,2023-07-04 05:37,2023-07-05 12:33
29,attempt delivery A,2023-07-04 05:42,2023-07-04 05:28
1,order completed,2023-07-04 06:18,2023-07-03 14:05
61,place order,2023-07-04 06:42,2023-07-03 14:06
61,arrange standard order,2023-07-04 06:44,2023-07-03 14:18
62,place order,2023-07-04 06:54,2023-07-03 14:06
62,arrange standard order,2023-07-04 06:56,2023-07-03 14:17
61,pick from stock C,2023-07-04 06:58,2023-07-03 14:55
38,pack A,2023-07-04 07:02,2023-07-03 14:24
50,manufacture A,2023-07-04 07:02,2023-07-03 18:50
63,place order,2023-07-04 07:06,2023-07-03 14:06
63,arrange standard order,2023-07-04 07:08,2023-07-03 14:18
62,pick from stock A,2023-07-04 07:09,2023-07-03 14:44
32,pack C,2023-07-04 07:11,2023-07-03 14:30
52,manufacture A,2023-07-04 07:11,2023-07-03 18:13
64,place order,2023-07-04 07:19,2023-07-03 14:06
64,arrange standard order,2023-07-04 07:21,2023-07-03 14:19
38,attempt delivery A,2023-07-04 07:22,2023-07-04 02:16
63,pick from stock C,2023-07-04 07:22,2023-07-03 14:36
65,place order,2023-07-04 07:32,2023-07-03 14:06
65,arrange standard order,2023-07-04 07:34,2023-07-03 14:18
64,pick from stock A,2023-07-04 07:36,2023-07-03 14:27
32,attempt delivery C,2023-07-04 07:37,2023-07-05 02:43
66,place order,2023-07-04 07:42,2023-07-03 14:06
66,arrange custom order,2023-07-04 07:44,2023-07-03 14:30
65,pick from stock B,2023-07-04 07:48,2023-07-03 15:00
61,pack B,2023-07-04 07:49,2023-07-03 14:55
62,pack C,2023-07-04 07:49,2023-07-03 14:33
67,place order,2023-07-04 07:54,2023-07-03 14:06
63,pack B,2023-07-04 07:56,2023-07-03 14:36
67,arrange custom order,2023-07-04 07:56,2023-07-03 14:30
64,pack B,2023-07-04 07:59,2023-07-03 14:27
68,place order,2023-07-04 08:04,2023-07-03 14:06
68,arrange custom order,2023-07-04 08:06,2023-07-03 14:25
66,manufacture B,2023-07-04 08:10,2023-07-03 21:46
61,attempt delivery B,2023-07-04 08:13,2023-07-04 15:33
43,pack B,2023-07-04 08:16,2023-07-03 18:59
58,manufacture A,2023-07-04 08:16,2023-07-03 18:33
69,place order,2023-07-04 08:18,2023-07-03 14:06
62,attempt delivery A,2023-07-04 08:20,2023-07-04 03:41
63,attempt delivery A,2023-07-04 08:20,2023-07-04 12:56
69,arrange custom order,2023-07-04 08:20,2023-07-03 14:31
64,attempt delivery B,2023-07-04 08:21,2023-07-04 17:46
67,manufacture B,2023-07-04 08:22,2023-07-03 22:01
19,order completed,2023-07-04 08:22,2023-07-03 14:05
68,manufacture B,2023-07-04 08:27,2023-07-03 22:03
70,place order,2023-07-04 08:29,2023-07-03 14:06
70,arrange custom order,2023-07-04 08:31,2023-07-03 14:25
47,pack C,2023-07-04 08:39,2023-07-03 14:43
60,manufacture A,2023-07-04 08:39,2023-07-03 18:11
43,attempt delivery B,2023-07-04 08:39,2023-07-04 14:46
71,place order,2023-07-04 08:41,2023-07-03 14:06
44,pack C,2023-07-04 08:43,2023-07-03 14:45
71,arrange standard order,2023-07-04 08:43,2023-07-03 14:19
65,pack C,2023-07-04 08:44,2023-07-03 14:44
72,place order,2023-07-04 08:54,2023-07-03 14:06
72,arrange custom order,2023-07-04 08:56,2023-07-03 14:34
71,pick from stock C,2023-07-04 08:58,2023-07-03 14:48
73,place order,2023-07-04 09:08,2023-07-03 14:06
73,arrange standard order,2023-07-04 09:10,2023-07-03 14:15
47,attempt delivery B,2023-07-04 09:18,2023-07-04 19:52
74,place order,2023-07-04 09:21,2023-07-03 14:06
73,pick from stock A,2023-07-04 09:23,2023-07-03 14:35
74,arrange custom order,2023-07-04 09:23,2023-07-03 14:34
44,attempt delivery B,2023-07-04 09:24,2023-07-04 21:06
65,attempt delivery C,2023-07-04 09:24,2023-07-05 06:56
46,pack C,2023-07-04 09:27,2023-07-03 14:47
75,place order,2023-07-04 09:36,2023-07-03 14:06
75,arrange custom order,2023-07-04 09:38,2023-07-03 14:34
71,pack A,2023-07-04 09:42,2023-07-03 14:24
76,place order,2023-07-04 09:48,2023-07-03 14:06
76,arrange custom order,2023-07-04 09:50,2023-07-03 14:25
73,pack A,2023-07-04 09:54,2023-07-03 14:19
77,place order,2023-07-04 10:00,2023-07-03 14:06
71,attempt delivery A,2023-07-04 10:02,2023-07-04 08:29
77,arrange standard order,2023-07-04 10:02,2023-07-03 14:17
75,manufacture B,2023-07-04 10:08,2023-07-03 20:43
73,attempt delivery B,2023-07-04 10:09,2023-07-04 14:29
78,place order,2023-07-04 10:10,2023-07-03 14:06
46,attempt delivery B,2023-07-04 10:12,2023-07-04 14:38
76,manufacture B,2023-07-04 10:12,2023-07-03 21:37
78,arrange custom order,2023-07-04 10:12,2023-07-03 14:31
77,pick from stock B,2023-07-04 10:15,2023-07-03 14:50
79,place order,2023-07-04 10:20,2023-07-03 14:06
79,arrange custom order,2023-07-04 10:22,2023-07-03 14:32
54,pack A,2023-07-04 10:26,2023-07-03 14:20
80,place order,2023-07-04 10:31,2023-07-03 14:06
80,arrange custom order,2023-07-04 10:33,2023-07-03 14:28
54,attempt delivery B,2023-07-04 10:42,2023-07-04 15:16
79,manufacture B,2023-07-04 10:50,2023-07-03 21:32
77,pack C,2023-07-04 11:01,2023-07-03 14:33
51,pack A,2023-07-04 11:09,2023-07-03 14:22
7,order completed,2023-07-04 11:18,2023-07-03 14:05
52,pack A,2023-07-04 11:20,2023-07-03 14:17
69,manufacture A,2023-07-04 11:20,2023-07-03 19:00
51,attempt delivery C,2023-07-04 11:27,2023-07-05 02:20
77,attempt delivery C,2023-07-04 11:30,2023-07-04 17:01
52,attempt delivery C,2023-07-04 11:33,2023-07-04 21:29
50,pack A,2023-07-04 11:48,2023-07-03 14:15
70,manufacture A,2023-07-04 11:48,2023-07-03 18:10
18,order completed,2023-07-04 11:54,2023-07-03 14:05
50,attempt delivery A,2023-07-04 11:59,2023-07-04 11:11
81,place order,2023-07-04 12:11,2023-07-03 14:06
81,arrange standard order,2023-07-04 12:13,2023-07-03 14:18
31,order completed,2023-07-04 12:22,2023-07-03 14:05
82,place order,2023-07-04 12:26,2023-07-03 14:06
81,pick from stock B,2023-07-04 12:28,2023-07-03 14:28
82,arrange custom order,2023-07-04 12:28,2023-07-03 14:26
2,order completed,2023-07-04 12:28,2023-07-03 14:05
83,place order,2023-07-04 12:36,2023-07-03 14:06
83,arrange custom order,2023-07-04 12:38,2023-07-03 14:34
58,pack C,2023-07-04 12:45,2023-07-03 14:50
72,manufacture A,2023-07-04 12:45,2023-07-03 18:15
60,pack B,2023-07-04 12:46,2023-07-03 18:11
74,manufacture A,2023-07-04 12:46,2023-07-03 18:10
82,manufacture B,2023-07-04 12:50,2023-07-03 20:28
84,place order,2023-07-04 12:51,2023-07-03 14:06
81,pack B,2023-07-04 12:53,2023-07-03 14:28
84,arrange standard order,2023-07-04 12:53,2023-07-03 14:19
59,pack A,2023-07-04 13:00,2023-07-03 14:24
60,attempt delivery B,2023-07-04 13:01,2023-07-04 15:04
85,place order,2023-07-04 13:05,2023-07-03 14:06
85,arrange custom order,2023-07-04 13:07,2023-07-03 14:32
84,pick from stock A,2023-07-04 13:08,2023-07-03 14:24
81,attempt delivery A,2023-07-04 13:16,2023-07-04 07:19
86,place order,2023-07-04 13:17,2023-07-03 14:06
86,arrange custom order,2023-07-04 13:19,2023-07-03 14:34
59,attempt delivery B,2023-07-04 13:20,2023-07-04 14:59
84,pack A,2023-07-04 13:28,2023-07-03 14:20
87,place order,2023-07-04 13:29,2023-07-03 14:06
58,attempt delivery A,2023-07-04 13:31,2023-07-04 04:30
87,arrange custom order,2023-07-04 13:31,2023-07-03 14:33
85,manufacture B,2023-07-04 13:35,2023-07-03 22:03
88,place order,2023-07-04 13:40,2023-07-03 14:06
88,arrange standard order,2023-07-04 13:42,2023-07-03 14:17
84,attempt delivery C,2023-07-04 13:44,2023-07-04 16:12
89,place order,2023-07-04 13:53,2023-07-03 14:06
88,pick from stock A,2023-07-04 13:55,2023-07-03 14:19
89,arrange custom order,2023-07-04 13:55,2023-07-03 14:28
87,manufacture B,2023-07-04 14:00,2023-07-03 21:41
90,place order,2023-07-04 14:07,2023-07-03 14:06
90,arrange custom order,2023-07-04 14:09,2023-07-03 14:33
88,pack B,2023-07-04 14:10,2023-07-03 14:19
91,place order,2023-07-04 14:17,2023-07-03 14:06
91,arrange custom order,2023-07-04 14:19,2023-07-03 14:27
88,attempt delivery C,2023-07-04 14:26,2023-07-05 01:07
92,place order,2023-07-04 14:31,2023-07-03 14:06
92,arrange standard order,2023-07-04 14:33,2023-07-03 14:16
93,place order,2023-07-04 14:41,2023-07-03 14:06
91,manufacture B,2023-07-04 14:43,2023-07-03 20:50
93,arrange custom order,2023-07-04 14:43,2023-07-03 14:26
92,pick from stock A,2023-07-04 14:45,2023-07-03 14:33
94,place order,2023-07-04 14:51,2023-07-03 14:06
94,arrange standard order,2023-07-04 14:53,2023-07-03 14:18
95,place order,2023-07-04 15:03,2023-07-03 14:06
95,arrange standard order,2023-07-04 15:05,2023-07-03 14:18
94,pick from stock C,2023-07-04 15:07,2023-07-03 15:07
96,place order,2023-07-04 15:14,2023-07-03 14:06
92,pack A,2023-07-04 15:16,2023-07-03 14:19
96,arrange custom order,2023-07-04 15:16,2023-07-03 14:31
95,pick from stock A,2023-07-04 15:19,2023-07-03 14:31
97,place order,2023-07-04 15:26,2023-07-03 14:06
97,arrange standard order,2023-07-04 15:28,2023-07-03 14:18
92,attempt delivery A,2023-07-04 15:31,2023-07-04 11:19
98,place order,2023-07-04 15:39,2023-07-03 14:06
98,arrange custom order,2023-07-04 15:41,2023-07-03 14:32
97,pick from stock B,2023-07-04 15:42,2023-07-03 14:40
95,pack B,2023-07-04 15:46,2023-07-03 14:31
99,place order,2023-07-04 15:50,2023-07-03 14:06
66,pack C,2023-07-04 15:52,2023-07-03 14:29
93,manufacture B,2023-07-04 15:52,2023-07-03 21:08
99,arrange custom order,2023-07-04 15:52,2023-07-03 14:25
70,pack B,2023-07-04 15:54,2023-07-03 18:10
78,manufacture A,2023-07-04 15:54,2023-07-03 18:39
100,place order,2023-07-04 16:01,2023-07-03 14:06
95,attempt delivery A,2023-07-04 16:03,2023-07-04 12:49
100,arrange custom order,2023-07-04 16:03,2023-07-03 14:33
94,pack C,2023-07-04 16:10,2023-07-03 14:51
69,pack A,2023-07-04 16:16,2023-07-03 14:19
80,manufacture A,2023-07-04 16:16,2023-07-03 19:18
66,attempt delivery B,2023-07-04 16:17,2023-07-04 18:57
70,attempt delivery A,2023-07-04 16:17,2023-07-04 06:11
97,pack C,2023-07-04 16:18,2023-07-03 14:38
67,pack B,2023-07-04 16:19,2023-07-03 22:01
98,manufacture B,2023-07-04 16:19,2023-07-03 21:35
22,order completed,2023-07-04 16:21,2023-07-03 14:05
68,pack A,2023-07-04 16:26,2023-07-03 14:24
99,manufacture B,2023-07-04 16:26,2023-07-03 20:41
69,attempt delivery C,2023-07-04 16:31,2023-07-04 15:51
67,attempt delivery A,2023-07-04 16:35,2023-07-04 04:45
68,attempt delivery B,2023-07-04 16:46,2023-07-04 22:18
75,pack A,2023-07-04 16:47,2023-07-03 14:22
100,manufacture B,2023-07-04 16:47,2023-07-03 20:27
74,pack C,2023-07-04 16:52,2023-07-03 14:44
83,manufacture A,2023-07-04 16:52,2023-07-03 19:02
97,attempt delivery B,2023-07-04 16:52,2023-07-04 15:09
72,pack C,2023-07-04 16:56,2023-07-03 14:38
86,manufacture A,2023-07-04 16:56,2023-07-03 18:31
94,attempt delivery A,2023-07-04 16:57,2023-07-04 04:28
75,attempt delivery C,2023-07-04 17:05,2023-07-05 08:44
20,order completed,2023-07-04 17:22,2023-07-03 14:05
72,attempt delivery C,2023-07-04 17:30,2023-07-04 19:58
74,attempt delivery C,2023-07-04 17:32,2023-07-05 03:49
101,place order,2023-07-04 17:41,2023-07-03 14:06
101,arrange custom order,2023-07-04 17:43,2023-07-03 14:31
76,pack B,2023-07-04 17:45,2023-07-03 21:37
102,place order,2023-07-04 17:56,2023-07-03 14:06
102,arrange custom order,2023-07-04 17:58,2023-07-03 14:31
76,attempt delivery A,2023-07-04 18:01,2023-07-04 13:57
55,order completed,2023-07-04 18:06,2023-07-03 14:05
103,place order,2023-07-04 18:10,2023-07-03 14:06
103,arrange standard order,2023-07-04 18:12,2023-07-03 14:14
79,pack B,2023-07-04 18:18,2023-07-03 21:32
104,place order,2023-07-04 18:20,2023-07-03 14:06
103,pick from stock C,2023-07-04 18:22,2023-07-03 15:12
104,arrange standard order,2023-07-04 18:22,2023-07-03 14:17
23,order completed,2023-07-04 18:24,2023-07-03 14:05
102,manufacture B,2023-07-04 18:25,2023-07-03 20:56
105,place order,2023-07-04 18:30,2023-07-03 14:06
105,arrange standard order,2023-07-04 18:32,2023-07-03 14:19
104,pick from stock C,2023-07-04 18:35,2023-07-03 14:56
79,attempt delivery B,2023-07-04 18:39,2023-07-04 15:59
30,order completed,2023-07-04 18:40,2023-07-03 14:05
106,place order,2023-07-04 18:43,2023-07-03 14:06
106,arrange standard order,2023-07-04 18:45,2023-07-03 14:15
107,place order,2023-07-04 18:55,2023-07-03 14:06
107,arrange standard order,2023-07-04 18:57,2023-07-03 14:19
108,place order,2023-07-04 19:05,2023-07-03 14:06
108,arrange standard order,2023-07-04 19:07,2023-07-03 14:16
0,order completed,2023-07-04 19:11,2023-07-03 14:05
107,pick from stock A,2023-07-04 19:12,2023-07-03 14:42
82,pack C,2023-07-04 19:14,2023-07-03 14:30
109,place order,2023-07-04 19:20,2023-07-03 14:06
109,arrange standard order,2023-07-04 19:22,2023-07-03 14:17
104,pack A,2023-07-04 19:27,2023-07-03 14:21
105,pick from stock C,2023-07-04 19:27,2023-07-03 15:18
103,pack A,2023-07-04 19:30,2023-07-03 14:19
106,pick from stock C,2023-07-04 19:30,2023-07-03 15:12
110,place order,2023-07-04 19:34,2023-07-03 14:06
109,pick from stock A,2023-07-04 19:36,2023-07-03 14:36
110,arrange custom order,2023-07-04 19:36,2023-07-03 14:34
38,order completed,2023-07-04 19:36,2023-07-03 14:05
82,attempt delivery B,2023-07-04 19:40,2023-07-04 19:52
104,attempt delivery B,2023-07-04 19:44,2023-07-04 20:02
103,attempt delivery C,2023-07-04 19:45,2023-07-05 07:01
111,place order,2023-07-04 19:49,2023-07-03 14:06
107,pack C,2023-07-04 19:51,2023-07-03 14:45
111,arrange custom order,2023-07-04 19:51,2023-07-03 14:30
112,place order,2023-07-04 20:04,2023-07-03 14:06
110,manufacture B,2023-07-04 20:06,2023-07-03 20:17
112,arrange custom order,2023-07-04 20:06,2023-07-03 14:34
109,pack C,2023-07-04 20:08,2023-07-03 14:41
13,order completed,2023-07-04 20:09,2023-07-03 14:05
113,place order,2023-07-04 20:17,2023-07-03 14:06
111,manufacture B,2023-07-04 20:19,2023-07-03 21:04
113,arrange custom order,2023-07-04 20:19,2023-07-03 14:27
114,place order,2023-07-04 20:29,2023-07-03 14:06
78,pack A,2023-07-04 20:31,2023-07-03 14:16
89,manufacture A,2023-07-04 20:31,2023-07-03 18:27
114,arrange custom order,2023-07-04 20:31,2023-07-03 14:29
107,attempt delivery C,2023-07-04 20:32,2023-07-05 05:19
106,pack B,2023-07-04 20:38,2023-07-03 15:12
108,pick from stock C,2023-07-04 20:38,2023-07-03 14:52
105,pack C,2023-07-04 20:41,2023-07-03 14:50
78,attempt delivery A,2023-07-04 20:43,2023-07-04 02:46
115,place order,2023-07-04 20:44,2023-07-03 14:06
109,attempt delivery A,2023-07-04 20:46,2023-07-04 11:48
115,arrange custom order,2023-07-04 20:46,2023-07-03 14:29
25,order completed,2023-07-04 20:49,2023-07-03 14:05
106,attempt delivery B,2023-07-04 20:55,2023-07-04 21:04
116,place order,2023-07-04 20:59,2023-07-03 14:06
116,arrange custom order,2023-07-04 21:01,2023-07-03 14:24
29,order completed,2023-07-04 21:06,2023-07-03 14:05
117,place order,2023-07-04 21:11,2023-07-03 14:06
117,arrange standard order,2023-07-04 21:13,2023-07-03 14:14
118,place order,2023-07-04 21:21,2023-07-03 14:06
86,pack A,2023-07-04 21:23,2023-07-03 14:24
90,manufacture A,2023-07-04 21:23,2023-07-03 19:39
117,pick from stock C,2023-07-04 21:23,2023-07-03 14:44
118,arrange custom order,2023-07-04 21:23,2023-07-03 14:26
108,pack A,2023-07-04 21:26,2023-07-03 14:20
105,attempt delivery C,2023-07-04 21:27,2023-07-04 19:48
91,pack C,2023-07-04 21:29,2023-07-03 14:34
113,manufacture B,2023-07-04 21:29,2023-07-03 21:12
80,pack B,2023-07-04 21:30,2023-07-03 19:18
96,manufacture A,2023-07-04 21:30,2023-07-03 18:48
119,place order,2023-07-04 21:34,2023-07-03 14:06
85,pack C,2023-07-04 21:36,2023-07-03 14:38
116,manufacture B,2023-07-04 21:36,2023-07-03 20:33
119,arrange custom order,2023-07-04 21:36,2023-07-03 14:34
8,order completed,2023-07-04 21:36,2023-07-03 14:05
87,pack B,2023-07-04 21:37,2023-07-03 21:41
108,attempt delivery A,2023-07-04 21:42,2023-07-04 03:05
86,attempt delivery B,2023-07-04 21:43,2023-07-04 23:40
120,place order,2023-07-04 21:44,2023-07-03 14:06
120,arrange custom order,2023-07-04 21:46,2023-07-03 14:34
83,pack B,2023-07-04 21:50,2023-07-03 19:02
101,manufacture A,2023-07-04 21:50,2023-07-03 18:53
6,order completed,2023-07-04 21:51,2023-07-03 14:05
35,order completed,2023-07-04 21:52,2023-07-03 14:05
80,attempt delivery C,2023-07-04 21:54, 
87,attempt delivery B,2023-07-04 21:57,2023-07-04 23:56
62,order completed,2023-07-04 21:57,2023-07-03 14:05
91,attempt delivery C,2023-07-04 21:59,2023-07-04 23:47
117,pack B,2023-07-04 22:03,2023-07-03 14:44
85,attempt delivery C,2023-07-04 22:10, 
83,attempt delivery B,2023-07-04 22:12,2023-07-04 20:01
120,manufacture B,2023-07-04 22:16,2023-07-03 21:03
117,attempt delivery C,2023-07-04 22:25, 
16,order completed,2023-07-04 22:31,2023-07-03 14:05
24,order completed,2023-07-04 22:49,2023-07-03 14:05
93,pack C,2023-07-04 22:56,2023-07-03 14:42
99,pack C,2023-07-04 23:03,2023-07-03 14:48
12,order completed,2023-07-04 23:03,2023-07-03 14:05
100,pack A,2023-07-04 23:10,2023-07-03 14:16
100,attempt delivery A,2023-07-04 23:22,2023-07-04 11:06
121,place order,2023-07-04 23:24,2023-07-03 14:06
121,arrange standard order,2023-07-04 23:26,2023-07-03 14:16
93,attempt delivery A,2023-07-04 23:34,2023-07-04 04:20
5,order completed,2023-07-04 23:36,2023-07-03 14:05
122,place order,2023-07-04 23:37,2023-07-03 14:06
121,pick from stock B,2023-07-04 23:39,2023-07-03 14:49
122,arrange custom order,2023-07-04 23:39,2023-07-03 14:34
99,attempt delivery C,2023-07-04 23:47, 
123,place order,2023-07-04 23:48,2023-07-03 14:06
98,pack C,2023-07-04 23:50,2023-07-03 14:48
123,arrange standard order,2023-07-04 23:50,2023-07-03 14:17
124,place order,2023-07-04 23:59,2023-07-03 14:06
124,arrange standard order,2023-07-05 00:01,2023-07-03 14:17
123,pick from stock A,2023-07-05 00:03,2023-07-03 14:40
9,order completed,2023-07-05 00:05,2023-07-03 14:05
122,manufacture B,2023-07-05 00:09,2023-07-03 21:40
125,place order,2023-07-05 00:13,2023-07-03 14:06
124,pick from stock A,2023-07-05 00:15,2023-07-03 14:39
125,arrange custom order,2023-07-05 00:15,2023-07-03 14:25
11,order completed,2023-07-05 00:18,2023-07-03 14:05
121,pack C,2023-07-05 00:24,2023-07-03 14:48
126,place order,2023-07-05 00:25,2023-07-03 14:06
126,arrange standard order,2023-07-05 00:27,2023-07-03 14:19
17,order completed,2023-07-05 00:32,2023-07-03 14:05
98,attempt delivery B,2023-07-05 00:34,2023-07-04 17:35
127,place order,2023-07-05 00:36,2023-07-03 14:06
125,manufacture B,2023-07-05 00:38,2023-07-03 20:25
127,arrange custom order,2023-07-05 00:38,2023-07-03 14:25
123,pack B,2023-07-05 00:39,2023-07-03 14:40
126,pick from stock B,2023-07-05 00:42,2023-07-03 14:34
128,place order,2023-07-05 00:49,2023-07-03 14:06
124,pack C,2023-07-05 00:51,2023-07-03 14:43
128,arrange custom order,2023-07-05 00:51,2023-07-03 14:32
89,pack C,2023-07-05 00:54,2023-07-03 14:52
112,manufacture A,2023-07-05 00:54,2023-07-03 19:24
123,attempt delivery B,2023-07-05 00:56,2023-07-04 22:25
129,place order,2023-07-05 01:02,2023-07-03 14:06
129,arrange custom order,2023-07-05 01:04,2023-07-03 14:30
121,attempt delivery C,2023-07-05 01:08, 
126,pack B,2023-07-05 01:12,2023-07-03 14:34
130,place order,2023-07-05 01:14,2023-07-03 14:06
130,arrange standard order,2023-07-05 01:16,2023-07-03 14:14
102,pack C,2023-07-05 01:17,2023-07-03 14:44
131,place order,2023-07-05 01:26,2023-07-03 14:06
130,pick from stock C,2023-07-05 01:28,2023-07-03 15:01
131,arrange custom order,2023-07-05 01:28,2023-07-03 14:25
124,attempt delivery C,2023-07-05 01:30, 
126,attempt delivery B,2023-07-05 01:38,2023-07-04 20:52
132,place order,2023-07-05 01:39,2023-07-03 14:06
132,arrange custom order,2023-07-05 01:41,2023-07-03 14:29
89,attempt delivery B,2023-07-05 01:42,2023-07-04 23:56
131,manufacture B,2023-07-05 01:49,2023-07-03 20:47
133,place order,2023-07-05 01:54,2023-07-03 14:06
133,arrange standard order,2023-07-05 01:56,2023-07-03 14:18
102,attempt delivery A,2023-07-05 01:57,2023-07-04 10:26
132,manufacture B,2023-07-05 02:06,2023-07-03 21:12
134,place order,2023-07-05 02:09,2023-07-03 14:06
133,pick from stock C,2023-07-05 02:11,2023-07-03 14:39
134,arrange standard order,2023-07-05 02:11,2023-07-03 14:16
96,pack A,2023-07-05 02:14,2023-07-03 14:24
114,manufacture A,2023-07-05 02:14,2023-07-03 19:26
110,pack B,2023-07-05 02:19,2023-07-03 20:17
135,place order,2023-07-05 02:22,2023-07-03 14:06
134,pick from stock B,2023-07-05 02:24,2023-07-03 14:49
135,arrange standard order,2023-07-05 02:24,2023-07-03 14:16
130,pack B,2023-07-05 02:25,2023-07-03 15:01
96,attempt delivery A,2023-07-05 02:34,2023-07-04 04:14
40,order completed,2023-07-05 02:35,2023-07-03 14:05
135,pick from stock A,2023-07-05 02:36,2023-07-03 14:24
136,place order,2023-07-05 02:37,2023-07-03 14:06
101,pack B,2023-07-05 02:39,2023-07-03 18:53
115,manufacture A,2023-07-05 02:39,2023-07-03 18:08
136,arrange standard order,2023-07-05 02:39,2023-07-03 14:14
37,order completed,2023-07-05 02:40,2023-07-03 14:05
130,attempt delivery C,2023-07-05 02:41, 
110,attempt delivery A,2023-07-05 02:43,2023-07-04 04:17
133,pack C,2023-07-05 02:46,2023-07-03 14:45
15,order completed,2023-07-05 02:46,2023-07-03 14:05
137,place order,2023-07-05 02:47,2023-07-03 14:06
136,pick from stock C,2023-07-05 02:49,2023-07-03 14:50
137,arrange standard order,2023-07-05 02:49,2023-07-03 14:15
135,pack B,2023-07-05 02:56,2023-07-03 14:24
90,pack C,2023-07-05 02:58,2023-07-03 14:50
118,manufacture A,2023-07-05 02:58,2023-07-03 18:25
137,pick from stock B,2023-07-05 03:00,2023-07-03 14:46
138,place order,2023-07-05 03:01,2023-07-03 14:06
101,attempt delivery A,2023-07-05 03:03,2023-07-04 09:53
138,arrange custom order,2023-07-05 03:03,2023-07-03 14:24
134,pack A,2023-07-05 03:09,2023-07-03 14:23
139,place order,2023-07-05 03:15,2023-07-03 14:06
139,arrange custom order,2023-07-05 03:17,2023-07-03 14:33
111,pack A,2023-07-05 03:19,2023-07-03 14:18
135,attempt delivery B,2023-07-05 03:19,2023-07-04 23:53
138,manufacture B,2023-07-05 03:23,2023-07-03 20:07
133,attempt delivery C,2023-07-05 03:27, 
134,attempt delivery B,2023-07-05 03:28,2023-07-04 17:17
140,place order,2023-07-05 03:30,2023-07-03 14:06
140,arrange custom order,2023-07-05 03:32,2023-07-03 14:30
111,attempt delivery A,2023-07-05 03:33,2023-07-04 13:40
136,pack C,2023-07-05 03:35,2023-07-03 14:43
137,pack B,2023-07-05 03:42,2023-07-03 14:46
90,attempt delivery B,2023-07-05 03:44, 
139,manufacture B,2023-07-05 03:46,2023-07-03 22:04
58,order completed,2023-07-05 03:57,2023-07-03 14:05
137,attempt delivery A,2023-07-05 04:00,2023-07-04 08:45
21,order completed,2023-07-05 04:04,2023-07-03 14:05
116,pack B,2023-07-05 04:05,2023-07-03 20:33
136,attempt delivery C,2023-07-05 04:14,2023-07-04 19:14
116,attempt delivery A,2023-07-05 04:20,2023-07-04 12:13
71,order completed,2023-07-05 04:27,2023-07-03 14:05
113,pack B,2023-07-05 04:37,2023-07-03 21:12
113,attempt delivery A,2023-07-05 04:53,2023-07-04 03:09
141,place order,2023-07-05 05:10,2023-07-03 14:06
141,arrange standard order,2023-07-05 05:12,2023-07-03 14:17
120,pack A,2023-07-05 05:15,2023-07-03 14:18
142,place order,2023-07-05 05:23,2023-07-03 14:06
141,pick from stock A,2023-07-05 05:25,2023-07-03 14:26
142,arrange custom order,2023-07-05 05:25,2023-07-03 14:34
120,attempt delivery C,2023-07-05 05:29, 
143,place order,2023-07-05 05:34,2023-07-03 14:06
143,arrange standard order,2023-07-05 05:36,2023-07-03 14:16
141,pack B,2023-07-05 05:47,2023-07-03 14:26
34,order completed,2023-07-05 05:47,2023-07-03 14:05
143,pick from stock A,2023-07-05 05:48,2023-07-03 14:23
144,place order,2023-07-05 05:49,2023-07-03 14:06
144,arrange standard order,2023-07-05 05:51,2023-07-03 14:14
142,manufacture B,2023-07-05 05:55,2023-07-03 20:50
33,order completed,2023-07-05 05:57,2023-07-03 14:05
145,place order,2023-07-05 06:01,2023-07-03 14:06
144,pick from stock C,2023-07-05 06:03,2023-07-03 15:04
145,arrange custom order,2023-07-05 06:03,2023-07-03 14:25
141,attempt delivery A,2023-07-05 06:06,2023-07-04 12:26
143,pack B,2023-07-05 06:07,2023-07-03 14:23
112,pack C,2023-07-05 06:14,2023-07-03 14:36
119,manufacture A,2023-07-05 06:14,2023-07-03 18:31
146,place order,2023-07-05 06:15,2023-07-03 14:06
146,arrange custom order,2023-07-05 06:17,2023-07-03 14:30
147,place order,2023-07-05 06:29,2023-07-03 14:06
147,arrange standard order,2023-07-05 06:31,2023-07-03 14:18
81,order completed,2023-07-05 06:31,2023-07-03 14:05
143,attempt delivery A,2023-07-05 06:34,2023-07-04 02:18
148,place order,2023-07-05 06:39,2023-07-03 14:06
148,arrange standard order,2023-07-05 06:41,2023-07-03 14:14
115,pack C,2023-07-05 06:43,2023-07-03 14:42
127,manufacture A,2023-07-05 06:43,2023-07-03 19:34
146,manufacture B,2023-07-05 06:43,2023-07-03 20:16
147,pick from stock C,2023-07-05 06:45,2023-07-03 14:39
112,attempt delivery A,2023-07-05 06:46,2023-07-04 11:18
149,place order,2023-07-05 06:51,2023-07-03 14:06
148,pick from stock A,2023-07-05 06:53,2023-07-03 14:39
149,arrange standard order,2023-07-05 06:53,2023-07-03 14:17
125,pack B,2023-07-05 06:59,2023-07-03 20:25
144,pack C,2023-07-05 07:03,2023-07-03 14:50
150,place order,2023-07-05 07:06,2023-07-03 14:06
149,pick from stock C,2023-07-05 07:08,2023-07-03 15:00
150,arrange standard order,2023-07-05 07:08,2023-07-03 14:14
63,order completed,2023-07-05 07:12,2023-07-03 14:05
67,order completed,2023-07-05 07:16,2023-07-03 14:05
150,pick from stock B,2023-07-05 07:18,2023-07-03 14:58
151,place order,2023-07-05 07:19,2023-07-03 14:06
118,pack C,2023-07-05 07:21,2023-07-03 14:53
128,manufacture A,2023-07-05 07:21,2023-07-03 19:45
125,attempt delivery A,2023-07-05 07:21,2023-07-04 08:39
115,attempt delivery B,2023-07-05 07:21,2023-07-04 19:00
147,pack C,2023-07-05 07:21,2023-07-03 14:54
151,arrange custom order,2023-07-05 07:21,2023-07-03 14:27
94,order completed,2023-07-05 07:21,2023-07-03 14:05
148,pack A,2023-07-05 07:28,2023-07-03 14:16
152,place order,2023-07-05 07:29,2023-07-03 14:06
152,arrange custom order,2023-07-05 07:31,2023-07-03 14:34
129,manufacture A,2023-07-05 07:36,2023-07-03 18:42
148,attempt delivery C,2023-07-05 07:40, 
153,place order,2023-07-05 07:43,2023-07-03 14:06
122,pack B,2023-07-05 07:45,2023-07-03 21:40
153,arrange standard order,2023-07-05 07:45,2023-07-03 14:18
144,attempt delivery A,2023-07-05 07:49,2023-07-04 12:55
114,pack C,2023-07-05 07:49,2023-07-03 14:49
154,place order,2023-07-05 07:55,2023-07-03 14:06
154,arrange custom order,2023-07-05 07:57,2023-07-03 14:24
153,pick from stock A,2023-07-05 07:59,2023-07-03 14:24
152,manufacture B,2023-07-05 08:01,2023-07-03 21:39
149,pack B,2023-07-05 08:04,2023-07-03 15:00
122,attempt delivery C,2023-07-05 08:05,2023-07-04 16:53
155,place order,2023-07-05 08:07,2023-07-03 14:06
155,arrange standard order,2023-07-05 08:09,2023-07-03 14:19
118,attempt delivery B,2023-07-05 08:10, 
147,attempt delivery C,2023-07-05 08:11, 
150,pack B,2023-07-05 08:12,2023-07-03 14:58
153,pack B,2023-07-05 08:19,2023-07-03 14:24
156,place order,2023-07-05 08:21,2023-07-03 14:06
156,arrange standard order,2023-07-05 08:23,2023-07-03 14:19
155,pick from stock B,2023-07-05 08:24,2023-07-03 14:56
70,order completed,2023-07-05 08:24,2023-07-03 14:05
149,attempt delivery C,2023-07-05 08:25, 
131,pack A,2023-07-05 08:32,2023-07-03 14:16
157,place order,2023-07-05 08:33,2023-07-03 14:06
114,attempt delivery A,2023-07-05 08:35,2023-07-04 13:54
157,arrange standard order,2023-07-05 08:35,2023-07-03 14:16
150,attempt delivery C,2023-07-05 08:36, 
156,pick from stock A,2023-07-05 08:38,2023-07-03 14:31
131,attempt delivery B,2023-07-05 08:44, 
157,pick from stock C,2023-07-05 08:47,2023-07-03 15:01
158,place order,2023-07-05 08:48,2023-07-03 14:06
153,attempt delivery C,2023-07-05 08:50,2023-07-04 14:26
158,arrange custom order,2023-07-05 08:50,2023-07-03 14:34
159,place order,2023-07-05 08:58,2023-07-03 14:06
159,arrange standard order,2023-07-05 09:00,2023-07-03 14:16
156,pack B,2023-07-05 09:05,2023-07-03 14:31
50,order completed,2023-07-05 09:06,2023-07-03 14:05
159,pick from stock B,2023-07-05 09:12,2023-07-03 14:32
160,place order,2023-07-05 09:13,2023-07-03 14:06
132,pack C,2023-07-05 09:15,2023-07-03 14:45
160,arrange custom order,2023-07-05 09:15,2023-07-03 14:28
155,pack A,2023-07-05 09:16,2023-07-03 14:22
158,manufacture B,2023-07-05 09:20,2023-07-03 21:06
43,order completed,2023-07-05 09:21,2023-07-03 14:05
78,order completed,2023-07-05 09:25,2023-07-03 14:05
138,pack C,2023-07-05 09:26,2023-07-03 14:34
156,attempt delivery A,2023-07-05 09:28,2023-07-04 09:14
155,attempt delivery B,2023-07-05 09:34,2023-07-04 16:36
160,manufacture B,2023-07-05 09:39,2023-07-03 22:03
159,pack B,2023-07-05 09:40,2023-07-03 14:32
61,order completed,2023-07-05 09:42,2023-07-03 14:05
157,pack B,2023-07-05 09:44,2023-07-03 15:01
27,order completed,2023-07-05 09:52,2023-07-03 14:05
132,attempt delivery A,2023-07-05 09:56,2023-07-04 12:24
138,attempt delivery C,2023-07-05 09:56,2023-07-04 14:31
159,attempt delivery C,2023-07-05 10:05, 
157,attempt delivery B,2023-07-05 10:11, 
73,order completed,2023-07-05 10:34,2023-07-03 14:05
119,pack A,2023-07-05 10:41,2023-07-03 14:18
140,manufacture A,2023-07-05 10:41,2023-07-03 18:35
108,order completed,2023-07-05 10:43,2023-07-03 14:05
46,order completed,2023-07-05 10:46,2023-07-03 14:05
161,place order,2023-07-05 10:53,2023-07-03 14:06
119,attempt delivery C,2023-07-05 10:55, 
161,arrange standard order,2023-07-05 10:55,2023-07-03 14:14
161,pick from stock A,2023-07-05 11:05,2023-07-03 14:21
162,place order,2023-07-05 11:08,2023-07-03 14:06
162,arrange standard order,2023-07-05 11:10,2023-07-03 14:17
161,pack B,2023-07-05 11:22,2023-07-03 14:21
163,place order,2023-07-05 11:23,2023-07-03 14:06
162,pick from stock B,2023-07-05 11:25,2023-07-03 14:32
163,arrange standard order,2023-07-05 11:25,2023-07-03 14:16
163,pick from stock B,2023-07-05 11:37,2023-07-03 14:54
164,place order,2023-07-05 11:38,2023-07-03 14:06
161,attempt delivery B,2023-07-05 11:40, 
164,arrange custom order,2023-07-05 11:40,2023-07-03 14:25
139,pack A,2023-07-05 11:46,2023-07-03 14:17
26,order completed,2023-07-05 11:52,2023-07-03 14:05
165,place order,2023-07-05 11:53,2023-07-03 14:06
162,pack A,2023-07-05 11:55,2023-07-03 14:22
165,arrange custom order,2023-07-05 11:55,2023-07-03 14:30
54,order completed,2023-07-05 11:55,2023-07-03 14:05
3,order completed,2023-07-05 11:56,2023-07-03 14:05
139,attempt delivery A,2023-07-05 11:59,2023-07-04 13:45
164,manufacture B,2023-07-05 12:01,2023-07-03 21:05
64,order completed,2023-07-05 12:03,2023-07-03 14:05
166,place order,2023-07-05 12:07,2023-07-03 14:06
166,arrange custom order,2023-07-05 12:09,2023-07-03 14:29
42,order completed,2023-07-05 12:09,2023-07-03 14:05
127,pack C,2023-07-05 12:13,2023-07-03 14:31
145,manufacture A,2023-07-05 12:13,2023-07-03 19:01
162,attempt delivery A,2023-07-05 12:13,2023-07-04 06:23
129,pack C,2023-07-05 12:14,2023-07-03 14:46
151,manufacture A,2023-07-05 12:14,2023-07-03 18:50
167,place order,2023-07-05 12:19,2023-07-03 14:06
165,manufacture B,2023-07-05 12:21,2023-07-03 20:58
167,arrange custom order,2023-07-05 12:21,2023-07-03 14:31
163,pack C,2023-07-05 12:27,2023-07-03 14:52
168,place order,2023-07-05 12:33,2023-07-03 14:06
168,arrange custom order,2023-07-05 12:35,2023-07-03 14:24
127,attempt delivery B,2023-07-05 12:40,2023-07-04 14:11
142,pack C,2023-07-05 12:41,2023-07-03 14:42
92,order completed,2023-07-05 12:46,2023-07-03 14:05
169,place order,2023-07-05 12:47,2023-07-03 14:06
167,manufacture B,2023-07-05 12:49,2023-07-03 21:27
169,arrange standard order,2023-07-05 12:49,2023-07-03 14:18
57,order completed,2023-07-05 12:54,2023-07-03 14:05
146,pack A,2023-07-05 12:55,2023-07-03 14:24
129,attempt delivery C,2023-07-05 12:56, 
28,order completed,2023-07-05 12:58,2023-07-03 14:05
49,order completed,2023-07-05 12:59,2023-07-03 14:05
170,place order,2023-07-05 13:01,2023-07-03 14:06
128,pack B,2023-07-05 13:03,2023-07-03 19:45
154,manufacture A,2023-07-05 13:03,2023-07-03 18:22
169,pick from stock A,2023-07-05 13:03,2023-07-03 14:33
170,arrange custom order,2023-07-05 13:03,2023-07-03 14:28
10,order completed,2023-07-05 13:07,2023-07-03 14:05
171,place order,2023-07-05 13:12,2023-07-03 14:06
171,arrange custom order,2023-07-05 13:14,2023-07-03 14:26
163,attempt delivery A,2023-07-05 13:15,2023-07-04 03:02
146,attempt delivery A,2023-07-05 13:15,2023-07-04 13:45
41,order completed,2023-07-05 13:20,2023-07-03 14:05
172,place order,2023-07-05 13:23,2023-07-03 14:06
172,arrange standard order,2023-07-05 13:25,2023-07-03 14:15
169,pack C,2023-07-05 13:32,2023-07-03 14:33
172,pick from stock A,2023-07-05 13:36,2023-07-03 14:44
173,place order,2023-07-05 13:38,2023-07-03 14:06
173,arrange standard order,2023-07-05 13:40,2023-07-03 14:19
93,order completed,2023-07-05 13:50,2023-07-03 14:05
142,attempt delivery A,2023-07-05 13:50,2023-07-04 02:35
174,place order,2023-07-05 13:53,2023-07-03 14:06
173,pick from stock A,2023-07-05 13:55,2023-07-03 14:17
174,arrange standard order,2023-07-05 13:55,2023-07-03 14:18
48,order completed,2023-07-05 14:00,2023-07-03 14:05
169,attempt delivery B,2023-07-05 14:01, 
60,order completed,2023-07-05 14:01,2023-07-03 14:05
175,place order,2023-07-05 14:07,2023-07-03 14:06
173,pack B,2023-07-05 14:09,2023-07-03 14:17
174,pick from stock B,2023-07-05 14:09,2023-07-03 14:25
175,arrange standard order,2023-07-05 14:09,2023-07-03 14:19
4,order completed,2023-07-05 14:13,2023-07-03 14:05
59,order completed,2023-07-05 14:15,2023-07-03 14:05
172,pack C,2023-07-05 14:16,2023-07-03 14:29
176,place order,2023-07-05 14:21,2023-07-03 14:06
176,arrange standard order,2023-07-05 14:23,2023-07-03 14:17
175,pick from stock A,2023-07-05 14:24,2023-07-03 14:16
77,order completed,2023-07-05 14:27,2023-07-03 14:05
174,pack A,2023-07-05 14:30,2023-07-03 14:14
173,attempt delivery B,2023-07-05 14:31, 
177,place order,2023-07-05 14:36,2023-07-03 14:06
176,pick from stock B,2023-07-05 14:38,2023-07-03 14:53
175,pack A,2023-07-05 14:38,2023-07-03 14:19
177,arrange custom order,2023-07-05 14:38,2023-07-03 14:34
174,attempt delivery C,2023-07-05 14:40, 
172,attempt delivery B,2023-07-05 14:41, 
95,order completed,2023-07-05 14:48,2023-07-03 14:05
128,attempt delivery A,2023-07-05 14:48,2023-07-04 11:13
178,place order,2023-07-05 14:50,2023-07-03 14:06
178,arrange custom order,2023-07-05 14:52,2023-07-03 14:28
175,attempt delivery B,2023-07-05 14:53, 
179,place order,2023-07-05 15:03,2023-07-03 14:06
179,arrange custom order,2023-07-05 15:05,2023-07-03 14:28
47,order completed,2023-07-05 15:06,2023-07-03 14:05
177,manufacture B,2023-07-05 15:08,2023-07-03 21:14
140,pack B,2023-07-05 15:12,2023-07-03 18:35
166,manufacture A,2023-07-05 15:12,2023-07-03 18:51
178,manufacture B,2023-07-05 15:16,2023-07-03 21:45
180,place order,2023-07-05 15:17,2023-07-03 14:06
180,arrange standard order,2023-07-05 15:19,2023-07-03 14:15
176,pack C,2023-07-05 15:27,2023-07-03 14:36
180,pick from stock A,2023-07-05 15:30,2023-07-03 14:26
140,attempt delivery B,2023-07-05 15:31, 
152,pack B,2023-07-05 15:36,2023-07-03 21:39
180,pack C,2023-07-05 15:52,2023-07-03 14:49
84,order completed,2023-07-05 15:52,2023-07-03 14:05
176,attempt delivery B,2023-07-05 15:59, 
152,attempt delivery C,2023-07-05 16:01, 
158,pack C,2023-07-05 16:22,2023-07-03 14:38
44,order completed,2023-07-05 16:26,2023-07-03 14:05
96,order completed,2023-07-05 16:44,2023-07-03 14:05
180,attempt delivery A,2023-07-05 16:44, 
158,attempt delivery B,2023-07-05 16:56, 
110,order completed,2023-07-05 16:56,2023-07-03 14:05
181,place order,2023-07-05 16:57,2023-07-03 14:06
181,arrange standard order,2023-07-05 16:59,2023-07-03 14:15
151,pack C,2023-07-05 17:00,2023-07-03 14:49
168,manufacture A,2023-07-05 17:00,2023-07-03 19:43
182,place order,2023-07-05 17:07,2023-07-03 14:06
182,arrange standard order,2023-07-05 17:09,2023-07-03 14:19
145,pack A,2023-07-05 17:10,2023-07-03 14:17
170,manufacture A,2023-07-05 17:10,2023-07-03 19:18
181,pick from stock A,2023-07-05 17:10,2023-07-03 14:40
183,place order,2023-07-05 17:19,2023-07-03 14:06
154,pack B,2023-07-05 17:21,2023-07-03 18:22
171,manufacture A,2023-07-05 17:21,2023-07-03 18:34
183,arrange custom order,2023-07-05 17:21,2023-07-03 14:32
145,attempt delivery B,2023-07-05 17:23, 
182,pick from stock B,2023-07-05 17:24,2023-07-03 14:53
184,place order,2023-07-05 17:31,2023-07-03 14:06
184,arrange custom order,2023-07-05 17:33,2023-07-03 14:25
160,pack C,2023-07-05 17:38,2023-07-03 14:42
185,place order,2023-07-05 17:42,2023-07-03 14:06
185,arrange custom order,2023-07-05 17:44,2023-07-03 14:32
151,attempt delivery C,2023-07-05 17:45, 
181,pack B,2023-07-05 17:46,2023-07-03 14:40
154,attempt delivery B,2023-07-05 17:50, 
14,order completed,2023-07-05 17:52,2023-07-03 14:05
186,place order,2023-07-05 17:54,2023-07-03 14:06
186,arrange custom order,2023-07-05 17:56,2023-07-03 14:33
76,order completed,2023-07-05 17:56,2023-07-03 14:05
97,order completed,2023-07-05 17:57,2023-07-03 14:05
113,order completed,2023-07-05 17:58,2023-07-03 14:05
187,place order,2023-07-05 18:07,2023-07-03 14:06
187,arrange custom order,2023-07-05 18:09,2023-07-03 14:30
182,pack A,2023-07-05 18:13,2023-07-03 14:24
181,attempt delivery A,2023-07-05 18:14,2023-07-04 03:42
160,attempt delivery C,2023-07-05 18:16, 
188,place order,2023-07-05 18:18,2023-07-03 14:06
188,arrange custom order,2023-07-05 18:20,2023-07-03 14:29
69,order completed,2023-07-05 18:20,2023-07-03 14:05
189,place order,2023-07-05 18:29,2023-07-03 14:06
189,arrange standard order,2023-07-05 18:31,2023-07-03 14:14
109,order completed,2023-07-05 18:31,2023-07-03 14:05
182,attempt delivery B,2023-07-05 18:33, 
189,pick from stock A,2023-07-05 18:41,2023-07-03 14:23
190,place order,2023-07-05 18:43,2023-07-03 14:06
190,arrange standard order,2023-07-05 18:45,2023-07-03 14:19
143,order completed,2023-07-05 18:48,2023-07-03 14:05
191,place order,2023-07-05 18:54,2023-07-03 14:06
191,arrange custom order,2023-07-05 18:56,2023-07-03 14:28
52,order completed,2023-07-05 18:58,2023-07-03 14:05
189,pack C,2023-07-05 19:00,2023-07-03 14:53
190,pick from stock C,2023-07-05 19:00,2023-07-03 15:14
164,pack B,2023-07-05 19:02,2023-07-03 21:05
192,place order,2023-07-05 19:04,2023-07-03 14:06
192,arrange custom order,2023-07-05 19:06,2023-07-03 14:24
45,order completed,2023-07-05 19:13,2023-07-03 14:05
165,pack C,2023-07-05 19:15,2023-07-03 14:37
193,place order,2023-07-05 19:16,2023-07-03 14:06
193,arrange custom order,2023-07-05 19:18,2023-07-03 14:28
164,attempt delivery A,2023-07-05 19:26,2023-07-04 04:22
192,manufacture B,2023-07-05 19:26,2023-07-03 20:42
194,place order,2023-07-05 19:27,2023-07-03 14:06
194,arrange standard order,2023-07-05 19:29,2023-07-03 14:17
195,place order,2023-07-05 19:37,2023-07-03 14:06
195,arrange standard order,2023-07-05 19:39,2023-07-03 14:19
194,pick from stock A,2023-07-05 19:42,2023-07-03 14:26
165,attempt delivery C,2023-07-05 19:48, 
189,attempt delivery C,2023-07-05 19:49, 
196,place order,2023-07-05 19:52,2023-07-03 14:06
195,pick from stock B,2023-07-05 19:54,2023-07-03 14:44
196,arrange standard order,2023-07-05 19:54,2023-07-03 14:19
166,pack C,2023-07-05 19:59,2023-07-03 14:32
179,manufacture A,2023-07-05 19:59,2023-07-03 18:54
197,place order,2023-07-05 20:03,2023-07-03 14:06
194,pack C,2023-07-05 20:05,2023-07-03 14:52
197,arrange custom order,2023-07-05 20:05,2023-07-03 14:32
196,pick from stock A,2023-07-05 20:09,2023-07-03 14:24
190,pack A,2023-07-05 20:10,2023-07-03 14:23
167,pack C,2023-07-05 20:12,2023-07-03 14:36
32,order completed,2023-07-05 20:16,2023-07-03 14:05
198,place order,2023-07-05 20:17,2023-07-03 14:06
198,arrange custom order,2023-07-05 20:19,2023-07-03 14:26
100,order completed,2023-07-05 20:24,2023-07-03 14:05
166,attempt delivery B,2023-07-05 20:27, 
196,pack C,2023-07-05 20:29,2023-07-03 14:41
190,attempt delivery B,2023-07-05 20:29, 
199,place order,2023-07-05 20:31,2023-07-03 14:06
199,arrange standard order,2023-07-05 20:33,2023-07-03 14:19
195,pack B,2023-07-05 20:34,2023-07-03 14:44
79,order completed,2023-07-05 20:34,2023-07-03 14:05
167,attempt delivery A,2023-07-05 20:44, 
200,place order,2023-07-05 20:46,2023-07-03 14:06
199,pick from stock C,2023-07-05 20:48,2023-07-03 14:58
200,arrange standard order,2023-07-05 20:48,2023-07-03 14:18
53,order completed,2023-07-05 20:48,2023-07-03 14:05
194,attempt delivery C,2023-07-05 20:53, 
195,attempt delivery A,2023-07-05 20:58,2023-07-04 03:13
200,pick from stock A,2023-07-05 21:02,2023-07-03 14:20
196,attempt delivery A,2023-07-05 21:06,2023-07-04 04:47
66,order completed,2023-07-05 21:10,2023-07-03 14:05
200,pack A,2023-07-05 21:18,2023-07-03 14:22
200,attempt delivery A,2023-07-05 21:36,2023-07-04 06:00
199,pack C,2023-07-05 21:42,2023-07-03 14:53
171,pack A,2023-07-05 21:51,2023-07-03 14:15
183,manufacture A,2023-07-05 21:51,2023-07-03 18:52
171,attempt delivery B,2023-07-05 22:02, 
177,pack C,2023-07-05 22:18,2023-07-03 14:47
102,order completed,2023-07-05 22:19,2023-07-03 14:05
170,pack B,2023-07-05 22:24,2023-07-03 19:18
184,manufacture A,2023-07-05 22:24,2023-07-03 19:38
201,place order,2023-07-05 22:26,2023-07-03 14:06
201,arrange standard order,2023-07-05 22:28,2023-07-03 14:14
199,attempt delivery C,2023-07-05 22:31, 
202,place order,2023-07-05 22:38,2023-07-03 14:06
201,pick from stock A,2023-07-05 22:40,2023-07-03 14:33
168,pack B,2023-07-05 22:40,2023-07-03 19:43
185,manufacture A,2023-07-05 22:40,2023-07-03 19:52
202,arrange standard order,2023-07-05 22:40,2023-07-03 14:14
137,order completed,2023-07-05 22:41,2023-07-03 14:05
170,attempt delivery B,2023-07-05 22:42, 
203,place order,2023-07-05 22:50,2023-07-03 14:06
202,pick from stock C,2023-07-05 22:52,2023-07-03 14:41
203,arrange custom order,2023-07-05 22:52,2023-07-03 14:29
101,order completed,2023-07-05 22:52,2023-07-03 14:05
178,pack C,2023-07-05 22:57,2023-07-03 14:37
177,attempt delivery C,2023-07-05 23:01, 
204,place order,2023-07-05 23:03,2023-07-03 14:06
204,arrange custom order,2023-07-05 23:05,2023-07-03 14:32
168,attempt delivery C,2023-07-05 23:08, 
201,pack A,2023-07-05 23:09,2023-07-03 14:20
205,place order,2023-07-05 23:14,2023-07-03 14:06
205,arrange custom order,2023-07-05 23:16,2023-07-03 14:28
39,order completed,2023-07-05 23:21,2023-07-03 14:05
72,order completed,2023-07-05 23:24,2023-07-03 14:05
201,attempt delivery C,2023-07-05 23:25, 
206,place order,2023-07-05 23:27,2023-07-03 14:06
202,pack A,2023-07-05 23:29,2023-07-03 14:22
206,arrange custom order,2023-07-05 23:29,2023-07-03 14:26
178,attempt delivery C,2023-07-05 23:30, 
204,manufacture B,2023-07-05 23:33,2023-07-03 21:35
207,place order,2023-07-05 23:39,2023-07-03 14:06
207,arrange custom order,2023-07-05 23:41,2023-07-03 14:33
51,order completed,2023-07-05 23:43,2023-07-03 14:05
202,attempt delivery A,2023-07-05 23:47, 
208,place order,2023-07-05 23:52,2023-07-03 14:06
208,arrange custom order,2023-07-05 23:54,2023-07-03 14:26
209,place order,2023-07-06 00:03,2023-07-03 14:06
209,arrange custom order,2023-07-06 00:05,2023-07-03 14:25
210,place order,2023-07-06 00:15,2023-07-03 14:06
210,arrange standard order,2023-07-06 00:17,2023-07-03 14:14
211,place order,2023-07-06 00:26,2023-07-03 14:06
210,pick from stock C,2023-07-06 00:28,2023-07-03 14:39
211,arrange standard order,2023-07-06 00:28,2023-07-03 14:14
211,pick from stock A,2023-07-06 00:38,2023-07-03 14:23
212,place order,2023-07-06 00:40,2023-07-03 14:06
212,arrange standard order,2023-07-06 00:42,2023-07-03 14:18
179,pack C,2023-07-06 00:49,2023-07-03 14:51
186,manufacture A,2023-07-06 00:49,2023-07-03 18:23
213,place order,2023-07-06 00:51,2023-07-03 14:06
213,arrange custom order,2023-07-06 00:53,2023-07-03 14:29
212,pick from stock A,2023-07-06 00:56,2023-07-03 14:37
211,pack A,2023-07-06 00:57,2023-07-03 14:21
68,order completed,2023-07-06 01:00,2023-07-03 14:05
214,place order,2023-07-06 01:01,2023-07-03 14:06
210,pack C,2023-07-06 01:03,2023-07-03 14:41
214,arrange custom order,2023-07-06 01:03,2023-07-03 14:34
215,place order,2023-07-06 01:11,2023-07-03 14:06
215,arrange standard order,2023-07-06 01:13,2023-07-03 14:15
211,attempt delivery C,2023-07-06 01:14, 
216,place order,2023-07-06 01:22,2023-07-03 14:06
215,pick from stock B,2023-07-06 01:24,2023-07-03 14:56
216,arrange custom order,2023-07-06 01:24,2023-07-03 14:33
82,order completed,2023-07-06 01:28,2023-07-03 14:05
212,pack A,2023-07-06 01:29,2023-07-03 14:14
88,order completed,2023-07-06 01:29,2023-07-03 14:05
56,order completed,2023-07-06 01:32,2023-07-03 14:05
217,place order,2023-07-06 01:33,2023-07-03 14:06
214,manufacture B,2023-07-06 01:35,2023-07-03 20:45
217,arrange standard order,2023-07-06 01:35,2023-07-03 14:17
179,attempt delivery C,2023-07-06 01:36, 
212,attempt delivery A,2023-07-06 01:39, 
210,attempt delivery B,2023-07-06 01:40, 
104,order completed,2023-07-06 01:42,2023-07-03 14:05
218,place order,2023-07-06 01:46,2023-07-03 14:06
217,pick from stock B,2023-07-06 01:48,2023-07-03 14:45
218,arrange custom order,2023-07-06 01:48,2023-07-03 14:33
125,order completed,2023-07-06 01:56,2023-07-03 14:05
219,place order,2023-07-06 01:57,2023-07-03 14:06
219,arrange custom order,2023-07-06 01:59,2023-07-03 14:24
192,pack C,2023-07-06 02:04,2023-07-03 14:30
220,place order,2023-07-06 02:09,2023-07-03 14:06
220,arrange custom order,2023-07-06 02:11,2023-07-03 14:27
163,order completed,2023-07-06 02:13,2023-07-03 14:05
215,pack B,2023-07-06 02:16,2023-07-03 14:56
65,order completed,2023-07-06 02:16,2023-07-03 14:05
218,manufacture B,2023-07-06 02:17,2023-07-03 21:14
142,order completed,2023-07-06 02:21,2023-07-03 14:05
217,pack A,2023-07-06 02:29,2023-07-03 14:14
116,order completed,2023-07-06 02:29,2023-07-03 14:05
192,attempt delivery B,2023-07-06 02:30, 
220,manufacture B,2023-07-06 02:34,2023-07-03 21:51
215,attempt delivery C,2023-07-06 02:38, 
183,pack A,2023-07-06 02:39,2023-07-03 14:16
187,manufacture A,2023-07-06 02:39,2023-07-03 19:16
217,attempt delivery C,2023-07-06 02:39, 
183,attempt delivery A,2023-07-06 02:51, 
111,order completed,2023-07-06 03:09,2023-07-03 14:05
105,order completed,2023-07-06 03:11,2023-07-03 14:05
221,place order,2023-07-06 03:49,2023-07-03 14:06
221,arrange custom order,2023-07-06 03:51,2023-07-03 14:32
106,order completed,2023-07-06 03:55,2023-07-03 14:05
184,pack A,2023-07-06 03:58,2023-07-03 14:14
188,manufacture A,2023-07-06 03:58,2023-07-03 19:07
112,order completed,2023-07-06 04:00,2023-07-03 14:05
222,place order,2023-07-06 04:02,2023-07-03 14:06
222,arrange standard order,2023-07-06 04:04,2023-07-03 14:18
98,order completed,2023-07-06 04:05,2023-07-03 14:05
36,order completed,2023-07-06 04:06,2023-07-03 14:05
184,attempt delivery C,2023-07-06 04:08, 
83,order completed,2023-07-06 04:09,2023-07-03 14:05
223,place order,2023-07-06 04:17,2023-07-03 14:06
222,pick from stock A,2023-07-06 04:19,2023-07-03 14:15
223,arrange custom order,2023-07-06 04:19,2023-07-03 14:27
185,pack C,2023-07-06 04:28,2023-07-03 14:44
141,order completed,2023-07-06 04:28,2023-07-03 14:05
191,manufacture A,2023-07-06 04:28,2023-07-03 18:49
224,place order,2023-07-06 04:30,2023-07-03 14:06
222,pack A,2023-07-06 04:32,2023-07-03 14:21
224,arrange custom order,2023-07-06 04:32,2023-07-03 14:34
162,order completed,2023-07-06 04:32,2023-07-03 14:05
156,order completed,2023-07-06 04:38,2023-07-03 14:05
225,place order,2023-07-06 04:41,2023-07-03 14:06
223,manufacture B,2023-07-06 04:43,2023-07-03 20:29
225,arrange custom order,2023-07-06 04:43,2023-07-03 14:32
222,attempt delivery C,2023-07-06 04:49, 
226,place order,2023-07-06 04:52,2023-07-03 14:06
226,arrange custom order,2023-07-06 04:54,2023-07-03 14:34
227,place order,2023-07-06 05:05,2023-07-03 14:06
227,arrange standard order,2023-07-06 05:07,2023-07-03 14:16
186,pack A,2023-07-06 05:08,2023-07-03 14:24
193,manufacture A,2023-07-06 05:08,2023-07-03 18:40
185,attempt delivery B,2023-07-06 05:08, 
225,manufacture B,2023-07-06 05:11,2023-07-03 20:25
228,place order,2023-07-06 05:15,2023-07-03 14:06
228,arrange custom order,2023-07-06 05:17,2023-07-03 14:26
227,pick from stock A,2023-07-06 05:19,2023-07-03 14:27
226,manufacture B,2023-07-06 05:24,2023-07-03 22:02
186,attempt delivery A,2023-07-06 05:28, 
229,place order,2023-07-06 05:30,2023-07-03 14:06
229,arrange custom order,2023-07-06 05:32,2023-07-03 14:34
230,place order,2023-07-06 05:41,2023-07-03 14:06
227,pack C,2023-07-06 05:43,2023-07-03 14:54
230,arrange standard order,2023-07-06 05:43,2023-07-03 14:19
231,place order,2023-07-06 05:53,2023-07-03 14:06
231,arrange custom order,2023-07-06 05:55,2023-07-03 14:31
230,pick from stock B,2023-07-06 05:58,2023-07-03 14:27
232,place order,2023-07-06 06:06,2023-07-03 14:06
232,arrange custom order,2023-07-06 06:08,2023-07-03 14:34
233,place order,2023-07-06 06:21,2023-07-03 14:06
230,pack B,2023-07-06 06:23,2023-07-03 14:27
231,manufacture B,2023-07-06 06:23,2023-07-03 21:31
233,arrange custom order,2023-07-06 06:23,2023-07-03 14:29
234,place order,2023-07-06 06:33,2023-07-03 14:06
227,attempt delivery A,2023-07-06 06:35, 
234,arrange standard order,2023-07-06 06:35,2023-07-03 14:15
232,manufacture B,2023-07-06 06:38,2023-07-03 20:23
230,attempt delivery C,2023-07-06 06:38, 
144,order completed,2023-07-06 06:40,2023-07-03 14:05
134,order completed,2023-07-06 06:41,2023-07-03 14:05
234,pick from stock A,2023-07-06 06:46,2023-07-03 14:17
235,place order,2023-07-06 06:47,2023-07-03 14:06
235,arrange custom order,2023-07-06 06:49,2023-07-03 14:30
236,place order,2023-07-06 06:58,2023-07-03 14:06
234,pack A,2023-07-06 07:00,2023-07-03 14:15
236,arrange custom order,2023-07-06 07:00,2023-07-03 14:33
204,pack A,2023-07-06 07:04,2023-07-03 14:16
234,attempt delivery B,2023-07-06 07:11, 
237,place order,2023-07-06 07:13,2023-07-03 14:06
235,manufacture B,2023-07-06 07:15, 
237,arrange standard order,2023-07-06 07:15,2023-07-03 14:16
204,attempt delivery B,2023-07-06 07:16, 
74,order completed,2023-07-06 07:17,2023-07-03 14:05
86,order completed,2023-07-06 07:19,2023-07-03 14:05
238,place order,2023-07-06 07:27,2023-07-03 14:06
237,pick from stock C,2023-07-06 07:29,2023-07-03 14:46
238,arrange standard order,2023-07-06 07:29,2023-07-03 14:15
239,place order,2023-07-06 07:37,2023-07-03 14:06
239,arrange standard order,2023-07-06 07:39,2023-07-03 14:18
238,pick from stock B,2023-07-06 07:40,2023-07-03 14:55
91,order completed,2023-07-06 07:42,2023-07-03 14:05
240,place order,2023-07-06 07:49,2023-07-03 14:06
187,pack C,2023-07-06 07:51,2023-07-03 14:39
197,manufacture A,2023-07-06 07:51,2023-07-03 18:59
240,arrange custom order,2023-07-06 07:51,2023-07-03 14:29
87,order completed,2023-07-06 07:51,2023-07-03 14:05
181,order completed,2023-07-06 07:52,2023-07-03 14:05
239,pick from stock A,2023-07-06 07:53,2023-07-03 14:22
237,pack B,2023-07-06 08:11,2023-07-03 14:46
239,pack C,2023-07-06 08:11,2023-07-03 14:53
214,pack C,2023-07-06 08:16,2023-07-03 14:30
132,order completed,2023-07-06 08:16,2023-07-03 14:05
114,order completed,2023-07-06 08:25,2023-07-03 14:05
187,attempt delivery B,2023-07-06 08:26, 
126,order completed,2023-07-06 08:26,2023-07-03 14:05
238,pack A,2023-07-06 08:31,2023-07-03 14:14
237,attempt delivery B,2023-07-06 08:41, 
238,attempt delivery C,2023-07-06 08:41, 
214,attempt delivery A,2023-07-06 08:42, 
239,attempt delivery C,2023-07-06 09:00, 
188,pack C,2023-07-06 09:01,2023-07-03 14:40
198,manufacture A,2023-07-06 09:01, 
153,order completed,2023-07-06 09:12,2023-07-03 14:05
191,pack B,2023-07-06 09:13,2023-07-03 18:49
203,manufacture A,2023-07-06 09:13, 
123,order completed,2023-07-06 09:17,2023-07-03 14:05
136,order completed,2023-07-06 09:24,2023-07-03 14:05
218,pack B,2023-07-06 09:27,2023-07-03 21:14
241,place order,2023-07-06 09:29,2023-07-03 14:06
191,attempt delivery A,2023-07-06 09:31, 
241,arrange standard order,2023-07-06 09:31,2023-07-03 14:15
188,attempt delivery C,2023-07-06 09:37, 
242,place order,2023-07-06 09:41,2023-07-03 14:06
241,pick from stock B,2023-07-06 09:43,2023-07-03 15:02
242,arrange custom order,2023-07-06 09:43,2023-07-03 14:31
193,pack A,2023-07-06 09:44,2023-07-03 14:21
164,order completed,2023-07-06 09:44,2023-07-03 14:05
205,manufacture A,2023-07-06 09:44, 
218,attempt delivery B,2023-07-06 09:48, 
243,place order,2023-07-06 09:55,2023-07-03 14:06
243,arrange custom order,2023-07-06 09:57,2023-07-03 14:34
193,attempt delivery C,2023-07-06 10:01, 
244,place order,2023-07-06 10:05,2023-07-03 14:06
244,arrange standard order,2023-07-06 10:07,2023-07-03 14:19
195,order completed,2023-07-06 10:07,2023-07-03 14:05
245,place order,2023-07-06 10:20,2023-07-03 14:06
220,pack C,2023-07-06 10:22,2023-07-03 14:54
244,pick from stock C,2023-07-06 10:22,2023-07-03 15:16
245,arrange standard order,2023-07-06 10:22,2023-07-03 14:18
138,order completed,2023-07-06 10:23,2023-07-03 14:05
246,place order,2023-07-06 10:31,2023-07-03 14:06
246,arrange standard order,2023-07-06 10:33,2023-07-03 14:16
245,pick from stock C,2023-07-06 10:36,2023-07-03 14:44
241,pack B,2023-07-06 10:41,2023-07-03 15:02
247,place order,2023-07-06 10:43,2023-07-03 14:06
246,pick from stock A,2023-07-06 10:45,2023-07-03 14:20
247,arrange standard order,2023-07-06 10:45,2023-07-03 14:17
248,place order,2023-07-06 10:53,2023-07-03 14:06
248,arrange custom order,2023-07-06 10:55,2023-07-03 14:24
122,order completed,2023-07-06 10:55,2023-07-03 14:05
247,pick from stock A,2023-07-06 10:58,2023-07-03 14:21
246,pack C,2023-07-06 11:01,2023-07-03 14:36
249,place order,2023-07-06 11:03,2023-07-03 14:06
249,arrange custom order,2023-07-06 11:05,2023-07-03 14:28
223,pack A,2023-07-06 11:08,2023-07-03 14:15
241,attempt delivery B,2023-07-06 11:09, 
220,attempt delivery C,2023-07-06 11:12, 
250,place order,2023-07-06 11:13,2023-07-03 14:06
248,manufacture B,2023-07-06 11:15, 
247,pack B,2023-07-06 11:15,2023-07-03 14:21
250,arrange standard order,2023-07-06 11:15,2023-07-03 14:17
245,pack A,2023-07-06 11:16,2023-07-03 14:22
223,attempt delivery B,2023-07-06 11:19, 
251,place order,2023-07-06 11:23,2023-07-03 14:06
251,arrange custom order,2023-07-06 11:25,2023-07-03 14:34
250,pick from stock B,2023-07-06 11:28,2023-07-03 15:03
225,pack C,2023-07-06 11:32,2023-07-03 14:50
246,attempt delivery C,2023-07-06 11:33, 
244,pack C,2023-07-06 11:34,2023-07-03 14:54
245,attempt delivery B,2023-07-06 11:34, 
89,order completed,2023-07-06 11:34,2023-07-03 14:05
247,attempt delivery B,2023-07-06 11:35, 
252,place order,2023-07-06 11:36,2023-07-03 14:06
252,arrange standard order,2023-07-06 11:38,2023-07-03 14:17
139,order completed,2023-07-06 11:40,2023-07-03 14:05
75,order completed,2023-07-06 11:45,2023-07-03 14:05
107,order completed,2023-07-06 11:47,2023-07-03 14:05
196,order completed,2023-07-06 11:49,2023-07-03 14:05
253,place order,2023-07-06 11:51,2023-07-03 14:06
252,pick from stock B,2023-07-06 11:53,2023-07-03 15:02
253,arrange custom order,2023-07-06 11:53,2023-07-03 14:27
251,manufacture B,2023-07-06 11:55, 
128,order completed,2023-07-06 11:57,2023-07-03 14:05
254,place order,2023-07-06 12:04,2023-07-03 14:06
254,arrange custom order,2023-07-06 12:06,2023-07-03 14:24
155,order completed,2023-07-06 12:06,2023-07-03 14:05
253,manufacture B,2023-07-06 12:16, 
255,place order,2023-07-06 12:17,2023-07-03 14:06
225,attempt delivery A,2023-07-06 12:19, 
255,arrange custom order,2023-07-06 12:19,2023-07-03 14:24
115,order completed,2023-07-06 12:19,2023-07-03 14:05
244,attempt delivery C,2023-07-06 12:24, 
254,manufacture B,2023-07-06 12:26, 
250,pack A,2023-07-06 12:27,2023-07-03 14:19
256,place order,2023-07-06 12:28,2023-07-03 14:06
256,arrange standard order,2023-07-06 12:30,2023-07-03 14:18
257,place order,2023-07-06 12:38,2023-07-03 14:06
257,arrange custom order,2023-07-06 12:40,2023-07-03 14:24
250,attempt delivery C,2023-07-06 12:42, 
103,order completed,2023-07-06 12:42,2023-07-03 14:05
256,pick from stock A,2023-07-06 12:44,2023-07-03 14:29
197,pack B,2023-07-06 12:46,2023-07-03 18:59
206,manufacture A,2023-07-06 12:46, 
127,order completed,2023-07-06 12:47,2023-07-03 14:05
258,place order,2023-07-06 12:49,2023-07-03 14:06
252,pack A,2023-07-06 12:51,2023-07-03 14:20
258,arrange standard order,2023-07-06 12:51,2023-07-03 14:17
146,order completed,2023-07-06 12:56,2023-07-03 14:05
232,pack B,2023-07-06 12:57,2023-07-03 20:23
259,place order,2023-07-06 12:59,2023-07-03 14:06
257,manufacture B,2023-07-06 13:01, 
259,arrange custom order,2023-07-06 13:01,2023-07-03 14:33
258,pick from stock A,2023-07-06 13:04,2023-07-03 14:32
197,attempt delivery C,2023-07-06 13:05, 
252,attempt delivery A,2023-07-06 13:07, 
135,order completed,2023-07-06 13:08,2023-07-03 14:05
256,pack C,2023-07-06 13:09,2023-07-03 14:39
260,place order,2023-07-06 13:12,2023-07-03 14:06
260,arrange custom order,2023-07-06 13:14,2023-07-03 14:27
226,pack C,2023-07-06 13:22,2023-07-03 14:37
232,attempt delivery C,2023-07-06 13:23, 
258,pack B,2023-07-06 13:32,2023-07-03 14:32
200,order completed,2023-07-06 13:32,2023-07-03 14:05
260,manufacture B,2023-07-06 13:37, 
231,pack C,2023-07-06 13:50, 
226,attempt delivery B,2023-07-06 13:55, 
258,attempt delivery B,2023-07-06 14:01, 
